year,price_return,total_return,real_total_return,inflation,is_ytd,data_through,inflation_through,real_return_through,period_type,price_source,total_return_source,inflation_source,methodology
1872,6.962,13.1109,10.616,2.2555,False,1872-12-01,1872-12-01,1872-12-01,reconstructed_us_equity_market,Robert Shiller / Yale,Robert Shiller / Yale; TNI reconstructed calculation,Robert Shiller / Yale CPI,shiller_reconstructed_monthly
1873,-12.8205,-6.8505,-1.0287,-5.8823,False,1873-12-01,1873-12-01,1873-12-01,reconstructed_us_equity_market,Robert Shiller / Yale,Robert Shiller / Yale; TNI reconstructed calculation,Robert Shiller / Yale CPI,shiller_reconstructed_monthly
1874,2.7149,10.3866,16.7723,-5.4685,False,1874-12-01,1874-12-01,1874-12-01,reconstructed_us_equity_market,Robert Shiller / Yale,Robert Shiller / Yale; TNI reconstructed calculation,Robert Shiller / Yale CPI,shiller_reconstructed_monthly
1875,-3.7445,3.2699,8.6582,-4.959,False,1875-12-01,1875-12-01,1875-12-01,reconstructed_us_equity_market,Robert Shiller / Yale,Robert Shiller / Yale; TNI reconstructed calculation,Robert Shiller / Yale CPI,shiller_reconstructed_monthly
1876,-18.0778,-11.7691,-10.2079,-1.7388,False,1876-12-01,1876-12-01,1876-12-01,reconstructed_us_equity_market,Robert Shiller / Yale,Robert Shiller / Yale; TNI reconstructed calculation,Robert Shiller / Yale CPI,shiller_reconstructed_monthly
1877,-9.2179,-1.9706,10.7733,-11.5045,False,1877-12-01,1877-12-01,1877-12-01,reconstructed_us_equity_market,Robert Shiller / Yale,Robert Shiller / Yale; TNI reconstructed calculation,Robert Shiller / Yale CPI,shiller_reconstructed_monthly
1878,6.1538,12.1012,30.3507,-14.0003,False,1878-12-01,1878-12-01,1878-12-01,reconstructed_us_equity_market,Robert Shiller / Yale,Robert Shiller / Yale; TNI reconstructed calculation,Robert Shiller / Yale CPI,shiller_reconstructed_monthly
1879,42.6087,49.4103,25.9735,18.6046,False,1879-12-01,1879-12-01,1879-12-01,reconstructed_us_equity_market,Robert Shiller / Yale,Robert Shiller / Yale; TNI reconstructed calculation,Robert Shiller / Yale CPI,shiller_reconstructed_monthly
1880,18.6992,24.1115,26.5932,-1.9604,False,1880-12-01,1880-12-01,1880-12-01,reconstructed_us_equity_market,Robert Shiller / Yale,Robert Shiller / Yale; TNI reconstructed calculation,Robert Shiller / Yale CPI,shiller_reconstructed_monthly
1881,2.911,7.8332,0.779,6.9997,False,1881-12-01,1881-12-01,1881-12-01,reconstructed_us_equity_market,Robert Shiller / Yale,Robert Shiller / Yale; TNI reconstructed calculation,Robert Shiller / Yale CPI,shiller_reconstructed_monthly
1882,-2.8286,2.5795,4.533,-1.8687,False,1882-12-01,1882-12-01,1882-12-01,reconstructed_us_equity_market,Robert Shiller / Yale,Robert Shiller / Yale; TNI reconstructed calculation,Robert Shiller / Yale CPI,shiller_reconstructed_monthly
1883,-8.5616,-3.1313,4.8587,-7.6198,False,1883-12-01,1883-12-01,1883-12-01,reconstructed_us_equity_market,Robert Shiller / Yale,Robert Shiller / Yale; TNI reconstructed calculation,Robert Shiller / Yale CPI,shiller_reconstructed_monthly
1884,-18.7266,-13.0577,-3.0649,-10.3088,False,1884-12-01,1884-12-01,1884-12-01,reconstructed_us_equity_market,Robert Shiller / Yale,Robert Shiller / Yale; TNI reconstructed calculation,Robert Shiller / Yale CPI,shiller_reconstructed_monthly
1885,19.8157,27.1758,28.6549,-1.1497,False,1885-12-01,1885-12-01,1885-12-01,reconstructed_us_equity_market,Robert Shiller / Yale,Robert Shiller / Yale; TNI reconstructed calculation,Robert Shiller / Yale CPI,shiller_reconstructed_monthly
1886,8.4615,13.1996,18.7214,-4.651,False,1886-12-01,1886-12-01,1886-12-01,reconstructed_us_equity_market,Robert Shiller / Yale,Robert Shiller / Yale; TNI reconstructed calculation,Robert Shiller / Yale CPI,shiller_reconstructed_monthly
1887,-6.5603,-2.4822,-8.0868,6.0977,False,1887-12-01,1887-12-01,1887-12-01,reconstructed_us_equity_market,Robert Shiller / Yale,Robert Shiller / Yale; TNI reconstructed calculation,Robert Shiller / Yale CPI,shiller_reconstructed_monthly
1888,-2.4668,2.1136,2.1136,0.0,False,1888-12-01,1888-12-01,1888-12-01,reconstructed_us_equity_market,Robert Shiller / Yale,Robert Shiller / Yale; TNI reconstructed calculation,Robert Shiller / Yale CPI,shiller_reconstructed_monthly
1889,3.5019,7.9558,14.5386,-5.7472,False,1889-12-01,1889-12-01,1889-12-01,reconstructed_us_equity_market,Robert Shiller / Yale,Robert Shiller / Yale; TNI reconstructed calculation,Robert Shiller / Yale CPI,shiller_reconstructed_monthly
1890,-13.5338,-9.84,-10.9263,1.2196,False,1890-12-01,1890-12-01,1890-12-01,reconstructed_us_equity_market,Robert Shiller / Yale,Robert Shiller / Yale; TNI reconstructed calculation,Robert Shiller / Yale CPI,shiller_reconstructed_monthly
1891,17.6087,22.869,29.0903,-4.8193,False,1891-12-01,1891-12-01,1891-12-01,reconstructed_us_equity_market,Robert Shiller / Yale,Robert Shiller / Yale; TNI reconstructed calculation,Robert Shiller / Yale CPI,shiller_reconstructed_monthly
1892,1.8484,6.1663,4.8392,1.2659,False,1892-12-01,1892-12-01,1892-12-01,reconstructed_us_equity_market,Robert Shiller / Yale,Robert Shiller / Yale; TNI reconstructed calculation,Robert Shiller / Yale CPI,shiller_reconstructed_monthly
1893,-19.9637,-15.7,-8.8649,-7.5001,False,1893-12-01,1893-12-01,1893-12-01,reconstructed_us_equity_market,Robert Shiller / Yale,Robert Shiller / Yale; TNI reconstructed calculation,Robert Shiller / Yale CPI,shiller_reconstructed_monthly
1894,-2.4943,2.7043,10.1466,-6.7567,False,1894-12-01,1894-12-01,1894-12-01,reconstructed_us_equity_market,Robert Shiller / Yale,Robert Shiller / Yale; TNI reconstructed calculation,Robert Shiller / Yale CPI,shiller_reconstructed_monthly
1895,0.4651,4.9938,2.0363,2.8985,False,1895-12-01,1895-12-01,1895-12-01,reconstructed_us_equity_market,Robert Shiller / Yale,Robert Shiller / Yale; TNI reconstructed calculation,Robert Shiller / Yale CPI,shiller_reconstructed_monthly
1896,-2.3148,2.0388,3.4965,-1.4085,False,1896-12-01,1896-12-01,1896-12-01,reconstructed_us_equity_market,Robert Shiller / Yale,Robert Shiller / Yale; TNI reconstructed calculation,Robert Shiller / Yale CPI,shiller_reconstructed_monthly
1897,12.5592,17.2193,17.2193,0.0,False,1897-12-01,1897-12-01,1897-12-01,reconstructed_us_equity_market,Robert Shiller / Yale,Robert Shiller / Yale; TNI reconstructed calculation,Robert Shiller / Yale CPI,shiller_reconstructed_monthly
1898,18.9474,23.5272,21.7873,1.4286,False,1898-12-01,1898-12-01,1898-12-01,reconstructed_us_equity_market,Robert Shiller / Yale,Robert Shiller / Yale; TNI reconstructed calculation,Robert Shiller / Yale CPI,shiller_reconstructed_monthly
1899,6.5487,10.0839,-5.8318,16.9014,False,1899-12-01,1899-12-01,1899-12-01,reconstructed_us_equity_market,Robert Shiller / Yale,Robert Shiller / Yale; TNI reconstructed calculation,Robert Shiller / Yale CPI,shiller_reconstructed_monthly
1900,14.1196,19.0227,23.4861,-3.6145,False,1900-12-01,1900-12-01,1900-12-01,reconstructed_us_equity_market,Robert Shiller / Yale,Robert Shiller / Yale; TNI reconstructed calculation,Robert Shiller / Yale CPI,shiller_reconstructed_monthly
1901,15.7205,20.4,14.6667,5.0,False,1901-12-01,1901-12-01,1901-12-01,reconstructed_us_equity_market,Robert Shiller / Yale,Robert Shiller / Yale; TNI reconstructed calculation,Robert Shiller / Yale CPI,shiller_reconstructed_monthly
1902,1.2579,5.2463,-1.7699,7.1427,False,1902-12-01,1902-12-01,1902-12-01,reconstructed_us_equity_market,Robert Shiller / Yale,Robert Shiller / Yale; TNI reconstructed calculation,Robert Shiller / Yale CPI,shiller_reconstructed_monthly
1903,-18.3851,-14.3895,-9.3537,-5.5554,False,1903-12-01,1903-12-01,1903-12-01,reconstructed_us_equity_market,Robert Shiller / Yale,Robert Shiller / Yale; TNI reconstructed calculation,Robert Shiller / Yale CPI,shiller_reconstructed_monthly
1904,25.5708,31.6086,25.6941,4.7055,False,1904-12-01,1904-12-01,1904-12-01,reconstructed_us_equity_market,Robert Shiller / Yale,Robert Shiller / Yale; TNI reconstructed calculation,Robert Shiller / Yale CPI,shiller_reconstructed_monthly
1905,15.6364,19.8372,19.8372,0.0,False,1905-12-01,1905-12-01,1905-12-01,reconstructed_us_equity_market,Robert Shiller / Yale,Robert Shiller / Yale; TNI reconstructed calculation,Robert Shiller / Yale CPI,shiller_reconstructed_monthly
1906,3.1447,7.1608,1.4606,5.6182,False,1906-12-01,1906-12-01,1906-12-01,reconstructed_us_equity_market,Robert Shiller / Yale,Robert Shiller / Yale; TNI reconstructed calculation,Robert Shiller / Yale CPI,shiller_reconstructed_monthly
1907,-33.2317,-29.4775,-27.9448,-2.1272,False,1907-12-01,1907-12-01,1907-12-01,reconstructed_us_equity_market,Robert Shiller / Yale,Robert Shiller / Yale; TNI reconstructed calculation,Robert Shiller / Yale CPI,shiller_reconstructed_monthly
1908,37.4429,45.1156,40.5334,3.2606,False,1908-12-01,1908-12-01,1908-12-01,reconstructed_us_equity_market,Robert Shiller / Yale,Robert Shiller / Yale; TNI reconstructed calculation,Robert Shiller / Yale CPI,shiller_reconstructed_monthly
1909,14.0642,19.1246,7.779,10.5267,False,1909-12-01,1909-12-01,1909-12-01,reconstructed_us_equity_market,Robert Shiller / Yale,Robert Shiller / Yale; TNI reconstructed calculation,Robert Shiller / Yale CPI,shiller_reconstructed_monthly
1910,-12.1359,-7.7394,-0.1294,-7.6198,False,1910-12-01,1910-12-01,1910-12-01,reconstructed_us_equity_market,Robert Shiller / Yale,Robert Shiller / Yale; TNI reconstructed calculation,Robert Shiller / Yale CPI,shiller_reconstructed_monthly
1911,0.663,5.913,8.1423,-2.0614,False,1911-12-01,1911-12-01,1911-12-01,reconstructed_us_equity_market,Robert Shiller / Yale,Robert Shiller / Yale; TNI reconstructed calculation,Robert Shiller / Yale CPI,shiller_reconstructed_monthly
1912,2.9638,8.22,0.7934,7.3681,False,1912-12-01,1912-12-01,1912-12-01,reconstructed_us_equity_market,Robert Shiller / Yale,Robert Shiller / Yale; TNI reconstructed calculation,Robert Shiller / Yale CPI,shiller_reconstructed_monthly
1913,-14.2857,-9.3127,-11.9895,3.0414,False,1913-12-01,1913-12-01,1913-12-01,reconstructed_us_equity_market,Robert Shiller / Yale,Robert Shiller / Yale; TNI reconstructed calculation,Robert Shiller / Yale CPI,shiller_reconstructed_monthly
1914,-8.5821,-3.2963,-4.2538,1.0,False,1914-12-01,1914-12-01,1914-12-01,reconstructed_us_equity_market,Robert Shiller / Yale,Robert Shiller / Yale; TNI reconstructed calculation,Robert Shiller / Yale CPI,shiller_reconstructed_monthly
1915,28.9796,35.7883,33.1516,1.9802,False,1915-12-01,1915-12-01,1915-12-01,reconstructed_us_equity_market,Robert Shiller / Yale,Robert Shiller / Yale; TNI reconstructed calculation,Robert Shiller / Yale CPI,shiller_reconstructed_monthly
1916,3.3755,8.9696,-3.2425,12.6214,False,1916-12-01,1916-12-01,1916-12-01,reconstructed_us_equity_market,Robert Shiller / Yale,Robert Shiller / Yale; TNI reconstructed calculation,Robert Shiller / Yale CPI,shiller_reconstructed_monthly
1917,-30.6122,-25.1886,-36.656,18.1034,False,1917-12-01,1917-12-01,1917-12-01,reconstructed_us_equity_market,Robert Shiller / Yale,Robert Shiller / Yale; TNI reconstructed calculation,Robert Shiller / Yale CPI,shiller_reconstructed_monthly
1918,16.1765,26.2117,4.7939,20.438,False,1918-12-01,1918-12-01,1918-12-01,reconstructed_us_equity_market,Robert Shiller / Yale,Robert Shiller / Yale; TNI reconstructed calculation,Robert Shiller / Yale CPI,shiller_reconstructed_monthly
1919,12.9114,20.2057,4.9415,14.5455,False,1919-12-01,1919-12-01,1919-12-01,reconstructed_us_equity_market,Robert Shiller / Yale,Robert Shiller / Yale; TNI reconstructed calculation,Robert Shiller / Yale CPI,shiller_reconstructed_monthly
1920,-23.6547,-18.5146,-20.6147,2.6455,False,1920-12-01,1920-12-01,1920-12-01,reconstructed_us_equity_market,Robert Shiller / Yale,Robert Shiller / Yale; TNI reconstructed calculation,Robert Shiller / Yale CPI,shiller_reconstructed_monthly
1921,7.3421,15.1615,29.1406,-10.8247,False,1921-12-01,1921-12-01,1921-12-01,reconstructed_us_equity_market,Robert Shiller / Yale,Robert Shiller / Yale; TNI reconstructed calculation,Robert Shiller / Yale CPI,shiller_reconstructed_monthly
1922,20.1094,27.2771,30.2895,-2.3121,False,1922-12-01,1922-12-01,1922-12-01,reconstructed_us_equity_market,Robert Shiller / Yale,Robert Shiller / Yale; TNI reconstructed calculation,Robert Shiller / Yale CPI,shiller_reconstructed_monthly
1923,-2.6196,3.4855,1.0928,2.3669,False,1923-12-01,1923-12-01,1923-12-01,reconstructed_us_equity_market,Robert Shiller / Yale,Robert Shiller / Yale; TNI reconstructed calculation,Robert Shiller / Yale CPI,shiller_reconstructed_monthly
1924,18.8304,26.1498,26.1498,-0.0,False,1924-12-01,1924-12-01,1924-12-01,reconstructed_us_equity_market,Robert Shiller / Yale,Robert Shiller / Yale; TNI reconstructed calculation,Robert Shiller / Yale CPI,shiller_reconstructed_monthly
1925,22.6378,29.1541,24.8249,3.4682,False,1925-12-01,1925-12-01,1925-12-01,reconstructed_us_equity_market,Robert Shiller / Yale,Robert Shiller / Yale; TNI reconstructed calculation,Robert Shiller / Yale CPI,shiller_reconstructed_monthly
1926,8.2665,13.9891,15.2771,-1.1173,False,1926-12-01,1926-12-01,1926-12-01,reconstructed_us_equity_market,Robert Shiller / Yale,Robert Shiller / Yale; TNI reconstructed calculation,Robert Shiller / Yale CPI,shiller_reconstructed_monthly
1927,29.4292,35.7869,38.9265,-2.2599,False,1927-12-01,1927-12-01,1927-12-01,reconstructed_us_equity_market,Robert Shiller / Yale,Robert Shiller / Yale; TNI reconstructed calculation,Robert Shiller / Yale CPI,shiller_reconstructed_monthly
1928,37.8822,43.8112,45.4932,-1.1561,False,1928-12-31,1928-12,1928-12,sp500_and_predecessor_large_cap,TNI conventional annual price-return series,Aswath Damodaran / NYU Stern,Damodaran historical CPI-U series,conventional_annual_history
1929,-11.9096,-8.2979,-8.8311,0.5848,False,1929-12-31,1929-12,1929-12,sp500_and_predecessor_large_cap,TNI conventional annual price-return series,Aswath Damodaran / NYU Stern,Damodaran historical CPI-U series,conventional_annual_history
1930,-28.4849,-25.1236,-20.0078,-6.3954,False,1930-12-31,1930-12,1930-12,sp500_and_predecessor_large_cap,TNI conventional annual price-return series,Aswath Damodaran / NYU Stern,Damodaran historical CPI-U series,conventional_annual_history
1931,-47.0665,-43.8375,-38.0674,-9.3168,False,1931-12-31,1931-12,1931-12,sp500_and_predecessor_large_cap,TNI conventional annual price-return series,Aswath Damodaran / NYU Stern,Damodaran historical CPI-U series,conventional_annual_history
1932,-14.7783,-8.6424,1.8184,-10.274,False,1932-12-31,1932-12,1932-12,sp500_and_predecessor_large_cap,TNI conventional annual price-return series,Aswath Damodaran / NYU Stern,Damodaran historical CPI-U series,conventional_annual_history
1933,44.0751,49.9822,48.8459,0.7634,False,1933-12-31,1933-12,1933-12,sp500_and_predecessor_large_cap,TNI conventional annual price-return series,Aswath Damodaran / NYU Stern,Damodaran historical CPI-U series,conventional_annual_history
1934,-4.7141,-1.1886,-2.6634,1.5152,False,1934-12-31,1934-12,1934-12,sp500_and_predecessor_large_cap,TNI conventional annual price-return series,Aswath Damodaran / NYU Stern,Damodaran historical CPI-U series,conventional_annual_history
1935,41.3684,46.7404,42.487,2.9851,False,1935-12-31,1935-12,1935-12,sp500_and_predecessor_large_cap,TNI conventional annual price-return series,Aswath Damodaran / NYU Stern,Damodaran historical CPI-U series,conventional_annual_history
1936,27.9226,31.9434,30.0585,1.4493,False,1936-12-31,1936-12,1936-12,sp500_and_predecessor_large_cap,TNI conventional annual price-return series,Aswath Damodaran / NYU Stern,Damodaran historical CPI-U series,conventional_annual_history
1937,-38.5914,-35.3367,-37.1329,2.8571,False,1937-12-31,1937-12,1937-12,sp500_and_predecessor_large_cap,TNI conventional annual price-return series,Aswath Damodaran / NYU Stern,Damodaran historical CPI-U series,conventional_annual_history
1938,24.5498,29.2827,32.9765,-2.7778,False,1938-12-31,1938-12,1938-12,sp500_and_predecessor_large_cap,TNI conventional annual price-return series,Aswath Damodaran / NYU Stern,Damodaran historical CPI-U series,conventional_annual_history
1939,-5.175,-1.0976,-1.0976,0.0,False,1939-12-31,1939-12,1939-12,sp500_and_predecessor_large_cap,TNI conventional annual price-return series,Aswath Damodaran / NYU Stern,Damodaran historical CPI-U series,conventional_annual_history
1940,-15.0883,-10.6729,-11.3064,0.7143,False,1940-12-31,1940-12,1940-12,sp500_and_predecessor_large_cap,TNI conventional annual price-return series,Aswath Damodaran / NYU Stern,Damodaran historical CPI-U series,conventional_annual_history
1941,-17.8639,-12.7715,-20.6502,9.9291,False,1941-12-31,1941-12,1941-12,sp500_and_predecessor_large_cap,TNI conventional annual price-return series,Aswath Damodaran / NYU Stern,Damodaran historical CPI-U series,conventional_annual_history
1942,12.4281,19.1738,9.3014,9.0323,False,1942-12-31,1942-12,1942-12,sp500_and_predecessor_large_cap,TNI conventional annual price-return series,Aswath Damodaran / NYU Stern,Damodaran historical CPI-U series,conventional_annual_history
1943,19.4473,25.0613,21.4676,2.9586,False,1943-12-31,1943-12,1943-12,sp500_and_predecessor_large_cap,TNI conventional annual price-return series,Aswath Damodaran / NYU Stern,Damodaran historical CPI-U series,conventional_annual_history
1944,13.7961,19.0307,16.3559,2.2988,False,1944-12-31,1944-12,1944-12,sp500_and_predecessor_large_cap,TNI conventional annual price-return series,Aswath Damodaran / NYU Stern,Damodaran historical CPI-U series,conventional_annual_history
1945,30.7229,35.8211,32.836,2.2472,False,1945-12-31,1945-12,1945-12,sp500_and_predecessor_large_cap,TNI conventional annual price-return series,Aswath Damodaran / NYU Stern,Damodaran historical CPI-U series,conventional_annual_history
1946,-11.8664,-8.4291,-22.4842,18.1319,False,1946-12-31,1946-12,1946-12,sp500_and_predecessor_large_cap,TNI conventional annual price-return series,Aswath Damodaran / NYU Stern,Damodaran historical CPI-U series,conventional_annual_history
1947,0.0,5.2,-3.3419,8.8372,False,1947-12-31,1947-12,1947-12,sp500_and_predecessor_large_cap,TNI conventional annual price-return series,Aswath Damodaran / NYU Stern,Damodaran historical CPI-U series,conventional_annual_history
1948,-0.6536,5.7046,2.8916,2.7339,False,1948-12-31,1948-12,1948-12,sp500_and_predecessor_large_cap,TNI conventional annual price-return series,Aswath Damodaran / NYU Stern,Damodaran historical CPI-U series,conventional_annual_history
1949,10.4605,18.3032,20.5079,-1.8295,False,1949-12-31,1949-12,1949-12,sp500_and_predecessor_large_cap,TNI conventional annual price-return series,Aswath Damodaran / NYU Stern,Damodaran historical CPI-U series,conventional_annual_history
1950,21.6796,30.8055,23.6316,5.8026,False,1950-12-31,1950-12,1950-12,sp500_and_predecessor_large_cap,TNI conventional annual price-return series,Aswath Damodaran / NYU Stern,Damodaran historical CPI-U series,conventional_annual_history
1951,16.3485,23.6785,16.7166,5.9648,False,1951-12-31,1951-12,1951-12,sp500_and_predecessor_large_cap,TNI conventional annual price-return series,Aswath Damodaran / NYU Stern,Damodaran historical CPI-U series,conventional_annual_history
1952,11.7796,18.151,17.0894,0.9067,False,1952-12-31,1952-12,1952-12,sp500_and_predecessor_large_cap,TNI conventional annual price-return series,Aswath Damodaran / NYU Stern,Damodaran historical CPI-U series,conventional_annual_history
1953,-6.624,-1.2082,-1.7964,0.599,False,1953-12-31,1953-12,1953-12,sp500_and_predecessor_large_cap,TNI conventional annual price-return series,Aswath Damodaran / NYU Stern,Damodaran historical CPI-U series,conventional_annual_history
1954,45.0222,52.5633,53.1333,-0.3722,False,1954-12-31,1954-12,1954-12,sp500_and_predecessor_large_cap,TNI conventional annual price-return series,Aswath Damodaran / NYU Stern,Damodaran historical CPI-U series,conventional_annual_history
1955,26.4036,32.5973,32.1038,0.3736,False,1955-12-31,1955-12,1955-12,sp500_and_predecessor_large_cap,TNI conventional annual price-return series,Aswath Damodaran / NYU Stern,Damodaran historical CPI-U series,conventional_annual_history
1956,2.6165,7.4395,4.4843,2.8284,False,1956-12-31,1956-12,1956-12,sp500_and_predecessor_large_cap,TNI conventional annual price-return series,Aswath Damodaran / NYU Stern,Damodaran historical CPI-U series,conventional_annual_history
1957,-14.3133,-10.4574,-13.0994,3.0402,False,1957-12-31,1957-12,1957-12,sp500_and_predecessor_large_cap,TNI conventional annual price-return series,Aswath Damodaran / NYU Stern,Damodaran historical CPI-U series,conventional_annual_history
1958,38.0595,43.72,41.2396,1.7562,False,1958-12-31,1958-12,1958-12,sp500_and_predecessor_large_cap,TNI conventional annual price-return series,Aswath Damodaran / NYU Stern,Damodaran historical CPI-U series,conventional_annual_history
1959,8.4767,12.0565,10.38,1.5188,False,1959-12-31,1959-12,1959-12,sp500_and_predecessor_large_cap,TNI conventional annual price-return series,Aswath Damodaran / NYU Stern,Damodaran historical CPI-U series,conventional_annual_history
1960,-2.9721,0.3365,-1.0099,1.3601,False,1960-12-31,1960-12,1960-12,sp500_and_predecessor_large_cap,TNI conventional annual price-return series,Aswath Damodaran / NYU Stern,Damodaran historical CPI-U series,conventional_annual_history
1961,23.1286,26.6377,25.7937,0.6709,False,1961-12-31,1961-12,1961-12,sp500_and_predecessor_large_cap,TNI conventional annual price-return series,Aswath Damodaran / NYU Stern,Damodaran historical CPI-U series,conventional_annual_history
1962,-11.8099,-8.8115,-9.9221,1.2329,False,1962-12-31,1962-12,1962-12,sp500_and_predecessor_large_cap,TNI conventional annual price-return series,Aswath Damodaran / NYU Stern,Damodaran historical CPI-U series,conventional_annual_history
1963,18.8906,22.6119,20.6266,1.6458,False,1963-12-31,1963-12,1963-12,sp500_and_predecessor_large_cap,TNI conventional annual price-return series,Aswath Damodaran / NYU Stern,Damodaran historical CPI-U series,conventional_annual_history
1964,12.9699,16.4155,15.0371,1.1982,False,1964-12-31,1964-12,1964-12,sp500_and_predecessor_large_cap,TNI conventional annual price-return series,Aswath Damodaran / NYU Stern,Damodaran historical CPI-U series,conventional_annual_history
1965,9.0619,12.3992,10.2818,1.92,False,1965-12-31,1965-12,1965-12,sp500_and_predecessor_large_cap,TNI conventional annual price-return series,Aswath Damodaran / NYU Stern,Damodaran historical CPI-U series,conventional_annual_history
1966,-13.091,-9.971,-12.8972,3.3595,False,1966-12-31,1966-12,1966-12,sp500_and_predecessor_large_cap,TNI conventional annual price-return series,Aswath Damodaran / NYU Stern,Damodaran historical CPI-U series,conventional_annual_history
1967,20.0921,23.803,19.8704,3.2807,False,1967-12-31,1967-12,1967-12,sp500_and_predecessor_large_cap,TNI conventional annual price-return series,Aswath Damodaran / NYU Stern,Damodaran historical CPI-U series,conventional_annual_history
1968,7.6604,10.8149,5.8344,4.7059,False,1968-12-31,1968-12,1968-12,sp500_and_predecessor_large_cap,TNI conventional annual price-return series,Aswath Damodaran / NYU Stern,Damodaran historical CPI-U series,conventional_annual_history
1969,-11.3615,-8.2414,-13.3526,5.8989,False,1969-12-31,1969-12,1969-12,sp500_and_predecessor_large_cap,TNI conventional annual price-return series,Aswath Damodaran / NYU Stern,Damodaran historical CPI-U series,conventional_annual_history
1970,0.0978,3.5611,-1.9032,5.5703,False,1970-12-31,1970-12,1970-12,sp500_and_predecessor_large_cap,TNI conventional annual price-return series,Aswath Damodaran / NYU Stern,Damodaran historical CPI-U series,conventional_annual_history
1971,10.7868,14.2212,10.6084,3.2663,False,1971-12-31,1971-12,1971-12,sp500_and_predecessor_large_cap,TNI conventional annual price-return series,Aswath Damodaran / NYU Stern,Damodaran historical CPI-U series,conventional_annual_history
1972,15.6333,18.7554,14.8435,3.4063,False,1972-12-31,1972-12,1972-12,sp500_and_predecessor_large_cap,TNI conventional annual price-return series,Aswath Damodaran / NYU Stern,Damodaran historical CPI-U series,conventional_annual_history
1973,-17.3655,-14.308,-21.3411,8.9412,False,1973-12-31,1973-12,1973-12,sp500_and_predecessor_large_cap,TNI conventional annual price-return series,Aswath Damodaran / NYU Stern,Damodaran historical CPI-U series,conventional_annual_history
1974,-29.7181,-25.9018,-33.897,12.095,False,1974-12-31,1974-12,1974-12,sp500_and_predecessor_large_cap,TNI conventional annual price-return series,Aswath Damodaran / NYU Stern,Damodaran historical CPI-U series,conventional_annual_history
1975,31.549,36.9951,27.8785,7.1291,False,1975-12-31,1975-12,1975-12,sp500_and_predecessor_large_cap,TNI conventional annual price-return series,Aswath Damodaran / NYU Stern,Damodaran historical CPI-U series,conventional_annual_history
1976,19.1485,23.831,17.8939,5.036,False,1976-12-31,1976-12,1976-12,sp500_and_predecessor_large_cap,TNI conventional annual price-return series,Aswath Damodaran / NYU Stern,Damodaran historical CPI-U series,conventional_annual_history
1977,-11.502,-6.9797,-12.8028,6.6781,False,1977-12-31,1977-12,1977-12,sp500_and_predecessor_large_cap,TNI conventional annual price-return series,Aswath Damodaran / NYU Stern,Damodaran historical CPI-U series,conventional_annual_history
1978,1.062,6.5093,-2.275,8.9888,False,1978-12-31,1978-12,1978-12,sp500_and_predecessor_large_cap,TNI conventional annual price-return series,Aswath Damodaran / NYU Stern,Damodaran historical CPI-U series,conventional_annual_history
1979,12.3088,18.5195,4.6485,13.2548,False,1979-12-31,1979-12,1979-12,sp500_and_predecessor_large_cap,TNI conventional annual price-return series,Aswath Damodaran / NYU Stern,Damodaran historical CPI-U series,conventional_annual_history
1980,25.7736,31.7352,17.2504,12.3537,False,1980-12-31,1980-12,1980-12,sp500_and_predecessor_large_cap,TNI conventional annual price-return series,Aswath Damodaran / NYU Stern,Damodaran historical CPI-U series,conventional_annual_history
1981,-9.7304,-4.7024,-12.5004,8.912,False,1981-12-31,1981-12,1981-12,sp500_and_predecessor_large_cap,TNI conventional annual price-return series,Aswath Damodaran / NYU Stern,Damodaran historical CPI-U series,conventional_annual_history
1982,14.7613,20.4191,15.982,3.8257,False,1982-12-31,1982-12,1982-12,sp500_and_predecessor_large_cap,TNI conventional annual price-return series,Aswath Damodaran / NYU Stern,Damodaran historical CPI-U series,conventional_annual_history
1983,17.271,22.3372,17.8732,3.7871,False,1983-12-31,1983-12,1983-12,sp500_and_predecessor_large_cap,TNI conventional annual price-return series,Aswath Damodaran / NYU Stern,Damodaran historical CPI-U series,conventional_annual_history
1984,1.4006,6.1461,2.021,4.0434,False,1984-12-31,1984-12,1984-12,sp500_and_predecessor_large_cap,TNI conventional annual price-return series,Aswath Damodaran / NYU Stern,Damodaran historical CPI-U series,conventional_annual_history
1985,26.3334,31.2351,26.4411,3.7915,False,1985-12-31,1985-12,1985-12,sp500_and_predecessor_large_cap,TNI conventional annual price-return series,Aswath Damodaran / NYU Stern,Damodaran historical CPI-U series,conventional_annual_history
1986,14.6204,18.4946,17.1043,1.1872,False,1986-12-31,1986-12,1986-12,sp500_and_predecessor_large_cap,TNI conventional annual price-return series,Aswath Damodaran / NYU Stern,Damodaran historical CPI-U series,conventional_annual_history
1987,2.0275,5.8127,1.4191,4.3321,False,1987-12-31,1987-12,1987-12,sp500_and_predecessor_large_cap,TNI conventional annual price-return series,Aswath Damodaran / NYU Stern,Damodaran historical CPI-U series,conventional_annual_history
1988,12.4008,16.5372,11.6131,4.4118,False,1988-12-31,1988-12,1988-12,sp500_and_predecessor_large_cap,TNI conventional annual price-return series,Aswath Damodaran / NYU Stern,Damodaran historical CPI-U series,conventional_annual_history
1989,27.2505,31.4752,25.6457,4.6396,False,1989-12-31,1989-12,1989-12,sp500_and_predecessor_large_cap,TNI conventional annual price-return series,Aswath Damodaran / NYU Stern,Damodaran historical CPI-U series,conventional_annual_history
1990,-6.5591,-3.0645,-8.7708,6.2549,False,1990-12-31,1990-12,1990-12,sp500_and_predecessor_large_cap,TNI conventional annual price-return series,Aswath Damodaran / NYU Stern,Damodaran historical CPI-U series,conventional_annual_history
1991,26.3067,30.2348,26.4654,2.9806,False,1991-12-31,1991-12,1991-12,sp500_and_predecessor_large_cap,TNI conventional annual price-return series,Aswath Damodaran / NYU Stern,Damodaran historical CPI-U series,conventional_annual_history
1992,4.4643,7.4937,4.3966,2.9667,False,1992-12-31,1992-12,1992-12,sp500_and_predecessor_large_cap,TNI conventional annual price-return series,Aswath Damodaran / NYU Stern,Damodaran historical CPI-U series,conventional_annual_history
1993,7.0552,9.9671,6.9604,2.811,False,1993-12-31,1993-12,1993-12,sp500_and_predecessor_large_cap,TNI conventional annual price-return series,Aswath Damodaran / NYU Stern,Damodaran historical CPI-U series,conventional_annual_history
1994,-1.5393,1.3259,-1.2393,2.5974,False,1994-12-31,1994-12,1994-12,sp500_and_predecessor_large_cap,TNI conventional annual price-return series,Aswath Damodaran / NYU Stern,Damodaran historical CPI-U series,conventional_annual_history
1995,34.1107,37.1952,33.8077,2.5316,False,1995-12-31,1995-12,1995-12,sp500_and_predecessor_large_cap,TNI conventional annual price-return series,Aswath Damodaran / NYU Stern,Damodaran historical CPI-U series,conventional_annual_history
1996,20.2637,22.681,18.6713,3.3788,False,1996-12-31,1996-12,1996-12,sp500_and_predecessor_large_cap,TNI conventional annual price-return series,Aswath Damodaran / NYU Stern,Damodaran historical CPI-U series,conventional_annual_history
1997,31.0082,33.1037,30.8826,1.697,False,1997-12-31,1997-12,1997-12,sp500_and_predecessor_large_cap,TNI conventional annual price-return series,Aswath Damodaran / NYU Stern,Damodaran historical CPI-U series,conventional_annual_history
1998,26.6686,28.338,26.3084,1.6069,False,1998-12-31,1998-12,1998-12,sp500_and_predecessor_large_cap,TNI conventional annual price-return series,Aswath Damodaran / NYU Stern,Damodaran historical CPI-U series,conventional_annual_history
1999,19.526,20.8854,17.7344,2.6764,False,1999-12-31,1999-12,1999-12,sp500_and_predecessor_large_cap,TNI conventional annual price-return series,Aswath Damodaran / NYU Stern,Damodaran historical CPI-U series,conventional_annual_history
2000,-10.1392,-9.0318,-12.0536,3.436,False,2000-12-31,2000-12,2000-12,sp500_and_predecessor_large_cap,TNI conventional annual price-return series,Aswath Damodaran / NYU Stern,Damodaran historical CPI-U series,conventional_annual_history
2001,-13.0427,-11.8498,-13.2412,1.6037,False,2001-12-31,2001-12,2001-12,sp500_and_predecessor_large_cap,TNI conventional annual price-return series,Aswath Damodaran / NYU Stern,Damodaran historical CPI-U series,conventional_annual_history
2002,-23.366,-21.966,-23.8546,2.4803,False,2002-12-31,2002-12,2002-12,sp500_and_predecessor_large_cap,TNI conventional annual price-return series,Aswath Damodaran / NYU Stern,Damodaran historical CPI-U series,conventional_annual_history
2003,26.3804,28.3558,25.7956,2.0352,False,2003-12-31,2003-12,2003-12,sp500_and_predecessor_large_cap,TNI conventional annual price-return series,Aswath Damodaran / NYU Stern,Damodaran historical CPI-U series,conventional_annual_history
2004,8.9935,10.7428,7.1612,3.3423,False,2004-12-31,2004-12,2004-12,sp500_and_predecessor_large_cap,TNI conventional annual price-return series,Aswath Damodaran / NYU Stern,Damodaran historical CPI-U series,conventional_annual_history
2005,3.001,4.8345,1.4476,3.3386,False,2005-12-31,2005-12,2005-12,sp500_and_predecessor_large_cap,TNI conventional annual price-return series,Aswath Damodaran / NYU Stern,Damodaran historical CPI-U series,conventional_annual_history
2006,13.6194,15.6126,12.7664,2.524,False,2006-12-31,2006-12,2006-12,sp500_and_predecessor_large_cap,TNI conventional annual price-return series,Aswath Damodaran / NYU Stern,Damodaran historical CPI-U series,conventional_annual_history
2007,3.5296,5.4847,1.3216,4.1088,False,2007-12-31,2007-12,2007-12,sp500_and_predecessor_large_cap,TNI conventional annual price-return series,Aswath Damodaran / NYU Stern,Damodaran historical CPI-U series,conventional_annual_history
2008,-38.4858,-36.5523,-36.5382,-0.0222,False,2008-12-31,2008-12,2008-12,sp500_and_predecessor_large_cap,TNI conventional annual price-return series,Aswath Damodaran / NYU Stern,Damodaran historical CPI-U series,conventional_annual_history
2009,23.4542,25.9352,22.4883,2.8141,False,2009-12-31,2009-12,2009-12,sp500_and_predecessor_large_cap,TNI conventional annual price-return series,Aswath Damodaran / NYU Stern,Damodaran historical CPI-U series,conventional_annual_history
2010,12.7827,14.8211,13.1936,1.4378,False,2010-12-31,2010-12,2010-12,sp500_and_predecessor_large_cap,TNI conventional annual price-return series,Aswath Damodaran / NYU Stern,Damodaran historical CPI-U series,conventional_annual_history
2011,-0.0032,2.0984,-0.9351,3.0621,False,2011-12-31,2011-12,2011-12,sp500_and_predecessor_large_cap,TNI conventional annual price-return series,Aswath Damodaran / NYU Stern,Damodaran historical CPI-U series,conventional_annual_history
2012,13.4057,15.8906,13.8868,1.7595,False,2012-12-31,2012-12,2012-12,sp500_and_predecessor_large_cap,TNI conventional annual price-return series,Aswath Damodaran / NYU Stern,Damodaran historical CPI-U series,conventional_annual_history
2013,29.6012,32.1451,30.1758,1.5128,False,2013-12-31,2013-12,2013-12,sp500_and_predecessor_large_cap,TNI conventional annual price-return series,Aswath Damodaran / NYU Stern,Damodaran historical CPI-U series,conventional_annual_history
2014,11.3906,13.5244,12.7878,0.6531,False,2014-12-31,2014-12,2014-12,sp500_and_predecessor_large_cap,TNI conventional annual price-return series,Aswath Damodaran / NYU Stern,Damodaran historical CPI-U series,conventional_annual_history
2015,-0.7266,1.3789,0.7355,0.6387,False,2015-12-31,2015-12,2015-12,sp500_and_predecessor_large_cap,TNI conventional annual price-return series,Aswath Damodaran / NYU Stern,Damodaran historical CPI-U series,conventional_annual_history
2016,9.535,11.7731,9.5269,2.0508,False,2016-12-31,2016-12,2016-12,sp500_and_predecessor_large_cap,TNI conventional annual price-return series,Aswath Damodaran / NYU Stern,Damodaran historical CPI-U series,conventional_annual_history
2017,19.42,21.6055,19.0694,2.1299,False,2017-12-31,2017-12,2017-12,sp500_and_predecessor_large_cap,TNI conventional annual price-return series,Aswath Damodaran / NYU Stern,Damodaran historical CPI-U series,conventional_annual_history
2018,-6.2373,-4.2269,-6.107,2.0024,False,2018-12-31,2018-12,2018-12,sp500_and_predecessor_large_cap,TNI conventional annual price-return series,Aswath Damodaran / NYU Stern,Damodaran historical CPI-U series,conventional_annual_history
2019,28.8781,31.2117,28.2441,2.314,False,2019-12-31,2019-12,2019-12,sp500_and_predecessor_large_cap,TNI conventional annual price-return series,Aswath Damodaran / NYU Stern,Damodaran historical CPI-U series,conventional_annual_history
2020,16.2589,18.0232,16.4833,1.322,False,2020-12-31,2020-12,2020-12,sp500_and_predecessor_large_cap,TNI conventional annual price-return series,Aswath Damodaran / NYU Stern,Damodaran historical CPI-U series,conventional_annual_history
2021,26.8927,28.4689,19.8465,7.1945,False,2021-12-31,2021-12,2021-12,sp500_and_predecessor_large_cap,TNI conventional annual price-return series,Aswath Damodaran / NYU Stern,Damodaran historical CPI-U series,conventional_annual_history
2022,-19.4428,-18.0375,-23.0001,6.4449,False,2022-12-31,2022-12,2022-12,sp500_and_predecessor_large_cap,TNI conventional annual price-return series,Aswath Damodaran / NYU Stern,Damodaran historical CPI-U series,conventional_annual_history
2023,24.2305,26.2877,22.1916,3.3521,False,2023-12-29,2023-12,2023-12-29,modern_sp500,Yahoo Finance ^GSPC,Yahoo Finance ^SP500TR,BLS CPI-U via FRED CPIAUCNS,modern_index_levels
2024,23.309,25.0197,21.5104,2.8881,False,2024-12-31,2024-12,2024-12-31,modern_sp500,Yahoo Finance ^GSPC,Yahoo Finance ^SP500TR,BLS CPI-U via FRED CPIAUCNS,modern_index_levels
2025,16.3878,17.88,14.8065,2.6771,False,2025-12-31,2025-12,2025-12-31,modern_sp500,Yahoo Finance ^GSPC,Yahoo Finance ^SP500TR,BLS CPI-U via FRED CPIAUCNS,modern_index_levels
2026,13.9693,14.9848,9.4467,3.3717,True,2026-10-07,2026-08,2026-08-31,modern_sp500,Yahoo Finance ^GSPC,Yahoo Finance ^SP500TR,BLS CPI-U via FRED CPIAUCNS,modern_index_levels
