year,total_return,inflation,real_total_return
1928,43.8112,-1.1561,45.4932
1929,-8.2979,0.5848,-8.8311
1930,-25.1236,-6.3954,-20.0079
1931,-43.8375,-9.3168,-38.0674
1932,-8.6424,-10.274,1.8184
1933,49.9822,0.7634,48.846
1934,-1.1886,1.5152,-2.6634
1935,46.7404,2.9851,42.4871
1936,31.9434,1.4493,30.0585
1937,-35.3367,2.8571,-37.1329
1938,29.2827,-2.7778,32.9764
1939,-1.0976,0.0,-1.0976
1940,-10.6729,0.7143,-11.3064
1941,-12.7715,9.9291,-20.6502
1942,19.1738,9.0323,9.3014
1943,25.0613,2.9586,21.4676
1944,19.0307,2.2988,16.3558
1945,35.8211,2.2472,32.836
1946,-8.4291,18.1319,-22.4842
1947,5.2,8.8372,-3.3419
1948,5.7046,2.7339,2.8917
1949,18.3032,-1.8295,20.5079
1950,30.8055,5.8026,23.6317
1951,23.6785,5.9648,16.7166
1952,18.151,0.9067,17.0894
1953,-1.2082,0.599,-1.7965
1954,52.5633,-0.3722,53.1332
1955,32.5973,0.3736,32.1039
1956,7.4395,2.8284,4.4842
1957,-10.4574,3.0402,-13.0993
1958,43.72,1.7562,41.2395
1959,12.0565,1.5188,10.38
1960,0.3365,1.3601,-1.0098
1961,26.6377,0.6709,25.7937
1962,-8.8115,1.2329,-9.922
1963,22.6119,1.6458,20.6266
1964,16.4155,1.1982,15.0371
1965,12.3992,1.92,10.2818
1966,-9.971,3.3595,-12.8972
1967,23.803,3.2807,19.8704
1968,10.8149,4.7059,5.8344
1969,-8.2414,5.8989,-13.3526
1970,3.5611,5.5703,-1.9031
1971,14.2212,3.2663,10.6083
1972,18.7554,3.4063,14.8434
1973,-14.308,8.9412,-21.3411
1974,-25.9018,12.095,-33.897
1975,36.9951,7.1291,27.8786
1976,23.831,5.036,17.8939
1977,-6.9797,6.6781,-12.8028
1978,6.5093,8.9888,-2.275
1979,18.5195,13.2548,4.6485
1980,31.7352,12.3537,17.2505
1981,-4.7024,8.912,-12.5004
1982,20.4191,3.8257,15.9819
1983,22.3372,3.7871,17.8732
1984,6.1461,4.0434,2.021
1985,31.2351,3.7915,26.4412
1986,18.4946,1.1872,17.1043
1987,5.8127,4.3321,1.4191
1988,16.5372,4.4118,11.6131
1989,31.4752,4.6396,25.6457
1990,-3.0645,6.2549,-8.7708
1991,30.2348,2.9806,26.4654
1992,7.4937,2.9667,4.3966
1993,9.9671,2.811,6.9604
1994,1.3259,2.5974,-1.2393
1995,37.1952,2.5316,33.8077
1996,22.681,3.3788,18.6713
1997,33.1037,1.697,30.8825
1998,28.338,1.6069,26.3083
1999,20.8854,2.6764,17.7343
2000,-9.0318,3.436,-12.0537
2001,-11.8498,1.6037,-13.2411
2002,-21.966,2.4803,-23.8547
2003,28.3558,2.0352,25.7956
2004,10.7428,3.3423,7.1611
2005,4.8345,3.3386,1.4476
2006,15.6126,2.524,12.7664
2007,5.4847,4.1088,1.3216
2008,-36.5523,-0.0222,-36.5382
2009,25.9352,2.8141,22.4883
2010,14.8211,1.4378,13.1936
2011,2.0984,3.0621,-0.9351
2012,15.8906,1.7595,13.8867
2013,32.1451,1.5128,30.1757
2014,13.5244,0.6531,12.7878
2015,1.3789,0.6387,0.7355
2016,11.7731,2.0508,9.5269
2017,21.6055,2.1299,19.0694
2018,-4.2269,2.0024,-6.107
2019,31.2117,2.314,28.2441
2020,18.0232,1.322,16.4832
2021,28.4689,7.1945,19.8465
2022,-18.0375,6.4449,-23.0001
2023,26.0607,3.12,22.2466
2024,24.8786,2.8881,21.3733
2025,17.7237,2.7351,14.5895
